Workbook

Sheet Léeme
B2: KPIs del mockup de Natalidad v11 · para entender cada número
B4: Periodo del mockup por defecto: del 01/11/2025 al 13/10/2026 (foto a 13/10/2026). Todas las cifras salen de la maqueta v11, con datos ilustrativos.
B6: Pestañas:
B7: · KPIs: los 16 indicadores de la cabecera. Qué mide cada uno, cómo se calcula, el valor (con fórmula), el dato que aparece debajo, cómo leerlo, quién lo pidió y qué vigilar.
B8: · Datos: las cifras de base que usan las fórmulas. Si cambias una, se recalculan los KPIs y los cuadres.
B9: · Cuadres: comprobaciones de que los KPIs encajan entre sí.
B10: · Nómina: las 11 nóminas del periodo, con la comprobación mes a mes de beneficiarias.
B11: · Para la reunión: los puntos que pueden despistar y cómo explicarlos.
B13: Colores: texto azul = cifra tomada de la maqueta (dato de entrada). Texto negro = fórmula.
B14: Fuentes citadas: «Doc.» = documento de indicadores de la Subdirección (05/10); Pablo 05/10 = gestión económica; 06/10 y 08/10 = reuniones internas y con Sofía y Enrique; E2E = documento AS-IS.

Sheet KPIs
A1: Nº | B1: Fila | C1: Indicador | D1: Qué mide | E1: Cálculo | F1: Valor | G1: Dato que aparece debajo | H1: Valor del dato de debajo | I1: Cómo leerlo | J1: Quién lo pidió | K1: Fuente del dato | L1: Ojo / para la reunión
A2: 1 | B2: Entrada y stock | C2: Solicitudes recibidas | D2: Demanda: solicitudes iniciales que entran por el registro en el periodo. | E2: Solicitudes con asiento en eReg en el periodo | F2: =Datos!$B$2 -> 9414 | G2: Variación frente al periodo anterior | H2: =(Datos!$B$2-Datos!$B$3)/Datos!$B$3 -> 0.037698413 | I2: Más solicitudes = más carga. Compararlo con la tasa de salida: si entra más de lo que sale, la bolsa crece. | J2: Doc. §1 (primera fila) y §2 «Variación de la demanda» | K2: eReg | L2: Necesita eReg: hoy Atlantix solo ve lo ya dado de alta.
A3: 2 | B3: Entrada y stock | C3: Otros registros | D3: Todo lo que entra por registro y no es una solicitud inicial. | E3: Aportaciones + comunicaciones + genéricas + duplicados técnicos + anulados | F3: =Datos!$B$4+Datos!$B$5+Datos!$B$6+Datos!$B$7+Datos!$B$8 -> 9091 | G3: Aportaciones por cada 100 solicitudes | H3: =Datos!$B$4/Datos!$B$2*100 -> 65.859358 | I3: Mide intensidad documental, no personas. Si sube, piden más documentos por expediente. | J3: Doc. §1: lo excluido «deberá consignarse como otro indicador»; Enrique 06/10: las genéricas son «un sesgo» | K3: eReg | L3: Cifra ilustrativa alta: la empujan los certificados de nacimiento de las gestantes.
A4: 3 | B4: Entrada y stock | C4: Pendientes de alta | D4: Bolsa previa: registradas que nadie ha dado de alta todavía. | E4: Solicitudes en la bandeja de registros sin expediente, a la fecha de corte | F4: =Datos!$B$9 -> 626 | G4: Días de la más antigua | H4: =Datos!$B$10 -> 53 | I4: Es el backlog de entrada. Si la más antigua pasa de 45 días se marca en rojo. | J4: Doc. §1; Enrique 06/10: «backlog de mes y medio, el número 627… hay que pintarlo» | K4: eReg + Atlantix | L4: Coincide con lo que contó Enrique (627 y mes y medio).
A5: 4 | B5: Entrada y stock | C5: En tramitación | D5: Expedientes que se están estudiando ahora mismo. | E5: Expedientes en «Gestión Expediente» o «Requerimiento» a la fecha de corte | F5: =Datos!$B$11 -> 662 | G5: De ellos, en «Requerimiento» | H5: =Datos!$B$12 -> 238 | I5: Carga de trabajo de la unidad. No incluye lo que ya tiene propuesta ni lo que está en nómina. | J5: Doc. §1; Lourdes 06/10: coincide con la etapa gestión de expedientes | K5: Atlantix
A6: 5 | B6: Entrada y stock | C6: Propuestas favorables | D6: Expedientes ya revisados con propuesta favorable que aún no tienen resolución. | E6: Propuestas sin resolver; importe = atrasos + mensualidad propuesta + resto del año | F6: =Datos!$B$13 -> 699 | G6: Importe de los pagos propuestos | H6: =Datos!$B$14+Datos!$B$15+Datos!$B$16 -> 1831500 | I6: Dice cuánto dinero viene en camino sin tener que proponer y desproponer. | J6: Comentario de la unidad en el Doc. §1 (fila PF); E2E A-005 | K6: Atlantix (AEFN) | L6: Debajo, en el mockup, también: cuántas van a la nómina de noviembre (526).
A7: 6 | B7: Entrada y stock | C7: Favorables por pagar | D7: Favorables que todavía no han cobrado por primera vez, por causa. | E7: Con propuesta o resolución favorable y sin primer pago | F7: =Datos!$B$18 -> 1042 | G7: % por demora administrativa (la causa principal) | H7: =Datos!$B$21/Datos!$B$18 -> 0.50959693 | I7: Las causas son las del Doc.: nómina, tercero, demora administrativa y crédito. | J7: Doc. §1 «Nº de expedientes resueltos favorables pendientes de pago» | K7: Atlantix + Nexus | L7: Es una foto que depende del día: el 13 el lote de noviembre lleva un día en la Intervención y cuenta como «demora».
A8: 7 | B8: Entrada y stock | C8: En suspensión | D8: Abiertos parados: sin ninguna actuación más días que el umbral. | E8: Abiertos sin actuación más de 30 días | F8: =Datos!$B$25 -> 53 | G8: % sobre los abiertos | H8: =Datos!$B$25/Datos!$B$23 -> 0.022746781 | I8: Lista accionable: la tabla de abajo dice quién tiene que desbloquear cada uno. | J8: Doc. §1 y §3 (la fórmula es la suya) | K8: Atlantix | L8: Cambia mucho con el umbral: con 15 días salen 547.
A9: 8 | B9: Entrada y stock | C9: Antigüedad máxima | D9: El expediente abierto más antiguo: alerta individual. | E9: Máximo de (fecha de corte − registro) entre los abiertos | F9: =Datos!$B$27 -> 362 | G9: Días sin actuación de ese expediente | H9: =Datos!$B$28 -> 331 | I9: Si es un caso aislado, se ve aquí y en la tabla de suspensión. | J9: Doc. §1: número, etapa actual y días sin actuación | K9: eReg + Atlantix | L9: Es un requerimiento vencido sin desistimiento firmado: puesto a propósito para enseñar la alerta.
A10: 9 | B10: Resultado y pago | C10: Resueltos | D10: Producción resolutiva del periodo. | E10: Resoluciones favorables + denegaciones + desistimientos en el periodo | F10: =Datos!$B$29+Datos!$B$30+Datos!$B$31 -> 8885 | G10: % favorables | H10: =Datos!$B$29/(Datos!$B$29+Datos!$B$30+Datos!$B$31) -> 0.7549803 | I10: Se cuentan en las etapas de resolución, que llegan después de la Intervención. | J10: Doc. §1 (la etapa «deberá validarse»); E2E A-016; Sofía 08/10 | K10: Atlantix | L10: El Doc. proponía contarlos al pasar a «Validación Tercero»; lo cambiamos y hay que validarlo.
A11: 10 | B11: Resultado y pago | C11: Tasa de salida | D11: Si la unidad saca más de lo que entra. | E11: Finalizados en el periodo ÷ solicitudes registradas en el periodo | F11: =Datos!$B$32/Datos!$B$2 -> 0.98767793 | G11: Cambio del stock (abiertos fin − inicio) | H11: =Datos!$B$23-Datos!$B$24 -> 116 | I11: Por encima del 100% la bolsa baja; por debajo, sube. | J11: Doc. §1 (pide la variación del stock «conjuntamente»); Enrique 06/10 | K11: eReg + Atlantix | L11: Un favorable «finaliza» en su primer pago, no en la resolución.
A12: 11 | B12: Resultado y pago | C12: Resueltos en plazo | D12: Cumplimiento del plazo desde el registro. | E12: Primeros envíos a la Intervención dentro del plazo ÷ primeros envíos | F12: =Datos!$B$34/Datos!$B$33 -> 0.92049689 | G12: Abiertos que ya pasan del plazo | H12: =Datos!$B$36 -> 36 | I12: El dato de debajo avisa de lo que va a incumplir. | J12: Doc. §1 (90 días hasta la propuesta de pago); Enrique 06/10: «el resultas en plazo es completo» | K12: eReg + Atlantix | L12: Medido hasta la resolución bajaría a ~84%. Qué cuenta como «propuesta de pago» está por validar.
A13: 12 | B13: Resultado y pago | C13: Tiempo medio E2E | D13: Duración de principio a fin. | E13: Media de (resolución − registro) de los resueltos del periodo | F13: =Datos!$B$37 -> 64.9 | G13: Mediana | H13: =Datos!$B$38 -> 60 | I13: Media mayor que la mediana = unos pocos casos largos tiran del promedio. P90 y tramitación en «Datos». | J13: Doc. §1 (media, mediana y P90); Enrique 06/10 (tramitación desde el alta) | K13: eReg + Atlantix | L13: Termina en la resolución; el gráfico de fases termina en el primer pago (97 días).
A14: 13 | B14: Resultado y pago | C14: Tasa de retrabajo | D14: Expedientes que tuvieron que repetir algo no previsto. | E14: Con 2.º requerimiento, tercero rechazado o respuesta desfavorable ÷ tramitados | F14: =Datos!$B$42/Datos!$B$41 -> 0.16396176 | G14: Primera tramitación correcta | H14: =1-Datos!$B$42/Datos!$B$41 -> 0.83603824 | I14: Debajo, en el mockup, el % por motivo; suman más que el total porque un expediente puede tener dos. | J14: Enrique 06/10 (KPI transversal); Doc. §6 | K14: Atlantix | L14: El primer requerimiento no cuenta: es el camino previsto y se mide en la tasa de requerimientos.
A15: 14 | B15: Resultado y pago | C15: Beneficiarias activas | D15: Personas que están cobrando la ayuda. | E15: Con mensualidad en la última nómina pagada (septiembre) | F15: =Datos!$B$46 -> 11606 | G15: Cobraron al menos una vez en el periodo | H15: =Datos!$B$48 -> 17250 | I15: La diferencia son las que salieron en el año (extinciones y bajas). | J15: Doc. §1 (a, b y d); Enrique 06/10: «las que ya están en mantenimiento» | K15: Nómina + Nexus
A16: 15 | B16: Resultado y pago | C16: Altas en nómina | D16: Nuevas beneficiarias incorporadas en las nóminas del periodo. | E16: Altas en mantenimiento + pagos únicos | F16: =Datos!$B$49+Datos!$B$50 -> 6819 | G16: Meses de atraso de media al entrar | H16: =Datos!$B$52/Datos!$B$49 -> 2.9481526 | I16: Cuantos más meses de atraso, más se ha tardado en tramitar y más dinero de golpe. | J16: Doc. §1 («incluir pagos únicos»); Pablo 05/10 (meses de atraso) | K16: Nómina | L16: Son algo más que las resoluciones favorables por el desfase de un mes entre resolver y cobrar.
A17: 16 | B17: Resultado y pago | C17: Ejecución presupuestaria | D17: Cuánto del crédito del año ya se ha pagado. | E17: Ejecutado (OK) ÷ autorizado (A) de 2026, todas las líneas | F17: =Datos!$B$56/Datos!$B$54 -> 0.746698 | G17: Autorizado de 2026 | H17: =Datos!$B$54 -> 81920000 | I17: Con 9 nóminas de 12 pagadas, lo esperable es ~75%. | J17: Doc. §1; Pablo 05/10 (A, D y OK); Enrique 06/10 («dato agregado») | K17: Nexus | L17: Solo cambia con las fechas: el crédito va por línea, no por tipo ni canal.

Sheet Cuadres
A1: Comprobación | B1: Valor A | C1: Valor B | D1: Diferencia | E1: ¿Cuadra? | F1: Por qué tiene que cuadrar
A2: Abiertos = pendientes de alta + en tramitación + favorables por pagar | B2: =Datos!$B$23 -> 2330 | C2: =Datos!$B$9+Datos!$B$11+Datos!$B$18 -> 2330 | D2: =B2-C2 -> 0 | E2: =IF(ABS(B2-C2)<=0,"Sí","No") -> Sí | F2: Cada expediente abierto está en una sola de las tres situaciones de la cabecera.
A3: Cambio del stock = entradas − salidas | B3: =Datos!$B$23-Datos!$B$24 -> 116 | C3: =Datos!$B$2-Datos!$B$32 -> 116 | D3: =B3-C3 -> 0 | E3: =IF(ABS(B3-C3)<=0,"Sí","No") -> Sí | F3: Lo que crece la bolsa es lo que entra menos lo que termina (tasa de salida por debajo de 100%).
A4: Propuestas favorables ≤ favorables por pagar | B4: =Datos!$B$13 -> 699 | C4: =Datos!$B$18 -> 1042 | D4: =B4-C4 -> -343 | E4: =IF(B4<=C4,"Sí","No") -> Sí | F4: Las propuestas son una parte de los favorables por pagar; el resto ya está resuelto y espera la nómina.
A5: Causas de favorables por pagar suman el total | B5: =Datos!$B$19+Datos!$B$20+Datos!$B$21+Datos!$B$22 -> 1042 | C5: =Datos!$B$18 -> 1042 | D5: =B5-C5 -> 0 | E5: =IF(ABS(B5-C5)<=0,"Sí","No") -> Sí | F5: Cada favorable pendiente tiene una sola causa.
A6: Retrabajo: suma de motivos ≥ total | B6: =Datos!$B$43+Datos!$B$44+Datos!$B$45 -> 1815 | C6: =Datos!$B$42 -> 1475 | D6: =B6-C6 -> 340 | E6: =IF(B6>=C6,"Sí","No") -> Sí | F6: Un expediente puede tener dos motivos, así que la suma por motivo supera el total.
A7: Tramitación (desde el alta) ≤ E2E (desde el registro) | B7: =Datos!$B$40 -> 53.1 | C7: =Datos!$B$37 -> 64.9 | D7: =B7-C7 -> -11.8 | E7: =IF(B7<=C7,"Sí","No") -> Sí | F7: El E2E empieza en el registro y la tramitación en el alta: la diferencia (~12 días) es la espera en la bandeja.
A8: Atrasos por alta ≈ meses de atraso × 500 € | B8: =Datos!$B$51/Datos!$B$49 -> 1514.8242 | C8: =Datos!$B$52/Datos!$B$49*500 -> 1474.0763 | D8: =B8-C8 -> 40.747914 | E8: =IF(ABS(B8-C8)<=50,"Sí","No") -> Sí | F8: Cada mes de atraso son 500 € por hijo; la pequeña diferencia son los partos múltiples.
A9: Ejecución ≈ nóminas pagadas ÷ 12 | B9: =Datos!$B$56/Datos!$B$54 -> 0.746698 | C9: =Datos!$B$59/12 -> 0.75 | D9: =B9-C9 -> -0.003302002 | E9: =IF(ABS(B9-C9)<=0.03,"Sí","No") -> Sí | F9: A mitad de octubre se han pagado 9 de 12 nóminas; la ejecución ronda el 75%.
A10: Dispuesto = ejecutado + octubre reconocida + resto del año | B10: =Datos!$B$55 -> 78300000 | C10: =Datos!$B$56+Datos!$B$57+(Datos!$B$55-Datos!$B$56-Datos!$B$57) -> 78300000 | D10: =B10-C10 -> 0 | E10: =IF(ABS(B10-C10)<=0,"Sí","No") -> Sí | F10: Es la caja de «ejecución cierta y prevista»: el dispuesto se reparte en pagado, reconocido y resto.
A11: Beneficiarias que cobraron alguna vez ≥ activas | B11: =Datos!$B$48 -> 17250 | C11: =Datos!$B$46 -> 11606 | D11: =B11-C11 -> 5644 | E11: =IF(B11>=C11,"Sí","No") -> Sí | F11: Las del periodo incluyen a las que ya salieron (extinciones y bajas).
A12: Beneficiarias mes a mes (pestaña Nómina) | B12: =COUNTIF(Nómina!Q3:Q12,"Sí") -> 10 | C12: =COUNTA(Nómina!Q3:Q12) -> 10 | D12: =B12-C12 -> 0 | E12: =IF(ABS(B12-C12)<=0,"Sí","No") -> Sí | F12: Cada mes: beneficiarias = anteriores + altas − extinciones − bajas.
A14: Las filas con ≤ o ≥ no son igualdades: ¿Cuadra? comprueba que el orden sea el esperado. En los «≈» se admite una pequeña diferencia (partos múltiples, redondeos).

Sheet Para la reunión
A1: Tema | B1: Qué pasa | C1: Cómo explicarlo
A2: Favorables por pagar es una foto del día | B2: El 13 de octubre sale «51% por demora administrativa». | C2: El lote de noviembre se envió a la Intervención el día 12. Visto el día 5, la mayoría estaría «esperando el fichero». Es el calendario, no un atasco.
A3: El 92% en plazo | B3: Se mide hasta el primer envío a la Intervención. | C3: Hasta la resolución bajaría a un ~84% (el 15,9% de las resoluciones pasa de 90 días). Que ellas decidan qué es la «propuesta de pago».
A4: Más altas que favorables | B4: 6.819 altas en nómina frente a 6.708 resoluciones favorables. | C4: Se cobra el mes siguiente a resolver: la nómina de noviembre paga resoluciones de octubre de 2025, y las de finales de septiembre de 2026 cobran en octubre, fuera del periodo.
A5: Duración del derecho | B5: De media se cobran 23 meses (atrasos incluidos); Pablo habló de «29 o 30 meses». | C5: El máximo sí es 29 (gestación solicitada en la semana 21). La media baja porque 2 de cada 3 son de nacimiento, presentadas tras el parto. Preguntar a Pablo si esas cobran desde el embarazo.
A6: Crédito muy ajustado | B6: El cierre previsto sale al 97,8% del autorizado. | C6: El autorizado de la maqueta se dimensionó con poco margen. El dato real lo dará Nexus.
A7: Antigüedad máxima y suspensión | B7: 362 días y requerimientos vencidos de hasta 11 meses. | C7: Puesto a propósito (un 3% de desistimientos sin firmar) para enseñar para qué sirve la alerta y la tabla.
A8: Otros registros | B8: 9.091, casi tantos como solicitudes. | C8: Sobre todo aportaciones (certificados de nacimiento de las gestantes). Es ilustrativo: no tenemos el dato real.

Sheet Datos
A1: Dato | B1: Valor | C1: Qué es | D1: De dónde sale
A2: Solicitudes recibidas | B2: 9414 | C2: Solicitudes iniciales con asiento en eReg en el periodo | D2: eReg
A3: Solicitudes del periodo anterior | B3: 9072 | C3: Mismas, en el periodo anterior de igual duración | D3: eReg
A4: Aportaciones | B4: 6200 | C4: Registros de documentación aportada (incluye certificados de nacimiento) | D4: eReg
A5: Comunicaciones | B5: 2440 | C5: Otros registros ligados a un expediente | D5: eReg
A6: Solicitudes genéricas sin formulario | B6: 329 | C6: No se pueden clasificar: el «sesgo» de Enrique | D6: eReg
A7: Duplicados técnicos | B7: 90 | C7: Registros repetidos por error técnico | D7: eReg
A8: Registros anulados | B8: 32 | C8: Asientos anulados | D8: eReg
A9: Pendientes de alta (hoy) | B9: 626 | C9: Registradas que siguen en la bandeja sin expediente | D9: eReg + Atlantix
A10: Días de la pendiente de alta más antigua | B10: 53 | C10: Desde su registro hasta la fecha de corte | D10: eReg
A11: En tramitación (hoy) | B11: 662 | C11: En «Gestión Expediente» o «Requerimiento» | D11: Atlantix
A12: De ellos, en «Requerimiento» | B12: 238 | C12: Etapa «Requerimiento» | D12: Atlantix
A13: Propuestas favorables sin resolver (hoy) | B13: 699 | C13: Desde «Validación Tercero» hasta la respuesta favorable sin resolución | D13: Atlantix (AEFN)
... A52: Meses de atraso (suma) | B52: 19788 | C52: Suma de los meses de atraso de todas las altas | D52: Nómina
A53: Importe de los pagos únicos | B53: 121500 | D53: Nómina
A54: Autorizado 2026 (A) | B54: 81920000 | C54: Documento A de la anualidad 2026, todas las líneas | D54: Nexus
A55: Dispuesto 2026 (D) | B55: 78300000 | C55: D sin terceros más los D_COM | D55: Nexus
A56: Ejecutado 2026 (OK) | B56: 61169500 | C56: Nóminas contabilizadas hasta septiembre | D56: Nexus
A57: Nómina de octubre reconocida sin pagar | B57: 6381000 | C57: Dispuesta, se paga a final de mes | D57: Nexus
A58: Propuesto en Atlantix sin D_COM | B58: 1835500 | C58: 700 expedientes con pagos propuestos para 2026 | D58: Atlantix (AEFN)
A59: Nóminas de 2026 pagadas | B59: 9 | C59: De enero a septiembre | D59: Nexus

Sheet Nómina
A1: Nómina | B1: Mantenimiento (€) | C1: Nuevas altas (€) | D1: Atrasos (€) | E1: Pagos únicos (€) | F1: Regularizaciones (€) | G1: Total (€) | H1: Beneficiarias | I1: Altas | J1: Pagos únicos | K1: Extinciones | L1: Bajas | M1: Meses de atraso (suma) | N1: Meses de atraso por alta | O1: Cambio de beneficiarias | P1: Altas − extinciones − bajas | Q1: ¿Cuadra?
A2: nov 25 | B2: 5318000 | C2: 247000 | D2: 757500 | E2: 13500 | F2: 5500 | G2: =SUM(B2:F2) -> 6341500 | H2: 10917 | I2: 486 | J2: 9 | K2: 535 | L2: 9 | M2: 1496 | N2: =IFERROR(M2/I2,0) -> 3.0781893
A3: dic 25 | B3: 5299500 | C3: 359500 | D3: 1087500 | E3: 8000 | F3: 2500 | G3: =SUM(B3:F3) -> 6757000 | H3: 11093 | I3: 700 | J3: 9 | K3: 511 | L3: 13 | M3: 2112 | N3: =IFERROR(M3/I3,0) -> 3.0171429 | O3: =H3-H2 -> 176 | P3: =I3-K3-L3 -> 176 | Q3: =IF(O3=P3,"Sí","No") -> Sí
A4: ene 26 | B4: 5390500 | C4: 340000 | D4: 1023000 | E4: 14500 | F4: 8000 | G4: =SUM(B4:F4) -> 6776000 | H4: 11225 | I4: 660 | J4: 14 | K4: 521 | L4: 7 | M4: 1986 | N4: =IFERROR(M4/I4,0) -> 3.0090909 | O4: =H4-H3 -> 132 | P4: =I4-K4-L4 -> 132 | Q4: =IF(O4=P4,"Sí","No") -> Sí
A5: feb 26 | B5: 5438500 | C5: 302500 | D5: 910000 | E5: 17500 | F5: 7500 | G5: =SUM(B5:F5) -> 6676000 | H5: 11239 | I5: 587 | J5: 14 | K5: 564 | L5: 9 | M5: 1763 | N5: =IFERROR(M5/I5,0) -> 3.0034072 | O5: =H5-H4 -> 14 | P5: =I5-K5-L5 -> 14 | Q5: =IF(O5=P5,"Sí","No") -> Sí
A6: mar 26 | B6: 5469000 | C6: 314500 | D6: 940500 | E6: 12000 | F6: 2000 | G6: =SUM(B6:F6) -> 6738000 | H6: 11315 | I6: 609 | J6: 12 | K6: 525 | L6: 8 | M6: 1808 | N6: =IFERROR(M6/I6,0) -> 2.9688013 | O6: =H6-H5 -> 76 | P6: =I6-K6-L6 -> 76 | Q6: =IF(O6=P6,"Sí","No") -> Sí
A7: abr 26 | B7: 5508000 | C7: 314500 | D7: 934500 | E7: 10000 | F7: 7000 | G7: =SUM(B7:F7) -> 6774000 | H7: 11399 | I7: 619 | J7: 9 | K7: 528 | L7: 7 | M7: 1833 | N7: =IFERROR(M7/I7,0) -> 2.9612278 | O7: =H7-H6 -> 84 | P7: =I7-K7-L7 -> 84 | Q7: =IF(O7=P7,"Sí","No") -> Sí
A8: may 26 | B8: 5540000 | C8: 357500 | D8: 1056500 | E8: 10000 | F8: 1000 | G8: =SUM(B8:F8) -> 6965000 | H8: 11545 | I8: 698 | J8: 8 | K8: 540 | L8: 12 | M8: 2057 | N8: =IFERROR(M8/I8,0) -> 2.9469914 | O8: =H8-H7 -> 146 | P8: =I8-K8-L8 -> 146 | Q8: =IF(O8=P8,"Sí","No") -> Sí
A9: jun 26 | B9: 5598500 | C9: 309500 | D9: 882500 | E9: 10500 | F9: 1000 | G9: =SUM(B9:F9) -> 6802000 | H9: 11566 | I9: 608 | J9: 11 | K9: 577 | L9: 10 | M9: 1731 | N9: =IFERROR(M9/I9,0) -> 2.8470395 | O9: =H9-H8 -> 21 | P9: =I9-K9-L9 -> 21 | Q9: =IF(O9=P9,"Sí","No") -> Sí
A10: jul 26 | B10: 5624000 | C10: 322000 | D10: 920000 | E10: 6500 | F10: 3000 | G10: =SUM(B10:F10) -> 6875500 | H10: 11643 | I10: 632 | J10: 5 | K10: 543 | L10: 12 | M10: 1803 | N10: =IFERROR(M10/I10,0) -> 2.8528481 | O10: =H10-H9 -> 77 | P10: =I10-K10-L10 -> 77 | Q10: =IF(O10=P10,"Sí","No") -> Sí
A11: ago 26 | B11: 5659500 | C11: 291500 | D11: 841500 | E11: 13000 | F11: 4000 | G11: =SUM(B11:F11) -> 6809500 | H11: 11644 | I11: 563 | J11: 11 | K11: 556 | L11: 6 | M11: 1624 | N11: =IFERROR(M11/I11,0) -> 2.8845471 | O11: =H11-H10 -> 1 | P11: =I11-K11-L11 -> 1 | Q11: =IF(O11=P11,"Sí","No") -> Sí
A12: sep 26 | B12: 5647000 | C12: 284000 | D12: 814000 | E12: 6000 | F12: 2500 | G12: =SUM(B12:F12) -> 6753500 | H12: 11606 | I12: 550 | J12: 5 | K12: 581 | L12: 7 | M12: 1575 | N12: =IFERROR(M12/I12,0) -> 2.8636364 | O12: =H12-H11 -> -38 | P12: =I12-K12-L12 -> -38 | Q12: =IF(O12=P12,"Sí","No") -> Sí
A13: Total | B13: =SUM(B2:B12) -> 60492500 | C13: =SUM(C2:C12) -> 3442500 | D13: =SUM(D2:D12) -> 10167500 | E13: =SUM(E2:E12) -> 121500 | F13: =SUM(F2:F12) -> 44000 | G13: =SUM(G2:G12) -> 74268000 | I13: =SUM(I2:I12) -> 6712 | J13: =SUM(J2:J12) -> 107 | K13: =SUM(K2:K12) -> 5981 | L13: =SUM(L2:L12) -> 100 | M13: =SUM(M2:M12) -> 19788 | N13: =M13/I13 -> 2.9481526
A15: Lectura: cada mes, beneficiarias = las del mes anterior + altas − extinciones − bajas. Los pagos únicos no entran en mantenimiento, por eso no suman. Una extinción es el fin natural del derecho; una baja quita mensualidades ya dispuestas (Pablo 05/10).
